<?xml version='1.0' encoding='UTF-8'?><inventory format-version="1.0"><templates><template><id>dd706206-8e5a-4e67-8d8f-21e5859099f8</id><revisionId>dd706206-8e5a-4e67-8d8f-21e5859099f8</revisionId><name>PortG</name><description></description><isTemplate>true</isTemplate><type>PORT</type><interfaceType>NONE</interfaceType><utilizationType>EXCLUSIVE</utilizationType><reservationTime>IMMEDIATE</reservationTime><isCustomReservationTime>false</isCustomReservationTime><properties><property><name>portNumber</name><description>System port number. Example: 1.1.1</description><datatype>STRING</datatype><widgetType>TEXT_FIELD</widgetType><required>true</required><group>a07c3943-d2d7-4c72-a4ed-a9f2ef155bae</group><seqNo>1</seqNo><encrypted>false</encrypted></property><property><name>Port Type</name><description>Example: Ethernet, Fast Ethernet, Copper..., etc</description><datatype>STRING</datatype><widgetType>TEXT_FIELD</widgetType><value>Ethernet</value><required>false</required><group>a07c3943-d2d7-4c72-a4ed-a9f2ef155bae</group><seqNo>2</seqNo><encrypted>false</encrypted></property><property><name>Port Speed</name><description>Unit of Measure:  Mbps</description><datatype>INTEGER</datatype><widgetType>INTEGER_FIELD</widgetType><value>1000</value><required>false</required><group>a07c3943-d2d7-4c72-a4ed-a9f2ef155bae</group><seqNo>3</seqNo><encrypted>false</encrypted></property></properties><propertyGroups><propertyGroup><id>a07c3943-d2d7-4c72-a4ed-a9f2ef155bae</id><name>System Identification</name><seqNo>1</seqNo><isHidden>false</isHidden></propertyGroup></propertyGroups><icon/><defaultImageAttach/><defaultConfigAttach/></template><template><id>7a69c445-c3c3-4902-900d-eccd6d066710</id><revisionId>7a69c445-c3c3-4902-900d-eccd6d066710</revisionId><name>T1G</name><description></description><isTemplate>true</isTemplate><type>DEVICE</type><interfaceType>ORCHESTRATION</interfaceType><utilizationType>SHARED</utilizationType><reservationTime>IMMEDIATE</reservationTime><isCustomReservationTime>false</isCustomReservationTime><icon/><defaultImageAttach/><defaultConfigAttach/><nestedTemplates><nestedTemplate><id>b8c8f637-97ca-4a9b-90db-7b19e0b9ea7b</id></nestedTemplate></nestedTemplates></template><template><id>b8c8f637-97ca-4a9b-90db-7b19e0b9ea7b</id><revisionId>b8c8f637-97ca-4a9b-90db-7b19e0b9ea7b</revisionId><name>T2G</name><description></description><isTemplate>true</isTemplate><type>DEVICE</type><interfaceType>ORCHESTRATION</interfaceType><utilizationType>SHARED</utilizationType><reservationTime>IMMEDIATE</reservationTime><isCustomReservationTime>false</isCustomReservationTime><icon/><defaultImageAttach/><defaultConfigAttach/></template></templates><orchestratedResources><orchestratedResource><id>6607a690-a5c1-4d95-a254-54c3a550a5a7</id><type>DEVICE</type><name>S1G</name><description></description><condition>template[T1G]</condition><role>S1_VELOCITY_SELECTED</role><referencedTemplateId>7a69c445-c3c3-4902-900d-eccd6d066710</referencedTemplateId><visibility>PUBLIC</visibility><resourceGroup><name></name></resourceGroup><icon/><nestedResources><orchestratedResource><id>6e860fa0-0a58-4502-93f5-bb1762c723f0</id><type>DEVICE</type><name>S2G_mod</name><description></description><role>S2_ORCHESTRATED</role><referencedTemplateId>b8c8f637-97ca-4a9b-90db-7b19e0b9ea7b</referencedTemplateId><visibility>PUBLIC</visibility><resourceGroup><name></name></resourceGroup><icon/></orchestratedResource></nestedResources></orchestratedResource></orchestratedResources><abstractResources/><topologies/></inventory>