<?xml version='1.0' encoding='UTF-8'?><inventory format-version="1.0"><templates><template><id>33e15c1a-cf99-449c-b945-8b8f6367fd69</id><revisionId>33e15c1a-cf99-449c-b945-8b8f6367fd69</revisionId><name>PC_TEST</name><description></description><isTemplate>true</isTemplate><driverId>e660edc3-e5b6-4ecd-bcd9-5a152ffb94ec</driverId><type>DEVICE</type><interfaceType>MANAGEMENT</interfaceType><utilizationType>SHARED</utilizationType><reservationTime>IMMEDIATE</reservationTime><isCustomReservationTime>true</isCustomReservationTime><properties><property><name>Facility</name><description>Example:  San Jose - Site 2</description><datatype>STRING</datatype><widgetType>TEXT_FIELD</widgetType><required>false</required><group>d421d5cb-9acb-4f95-8ead-eb3199a2324e</group><seqNo>1</seqNo><encrypted>false</encrypted></property><property><name>ipAddress</name><description>System address -- IPv4 or IPv6</description><datatype>STRING</datatype><widgetType>TEXT_FIELD</widgetType><required>false</required><group>984a9f5b-110d-4402-af43-97e37c93c389</group><seqNo>1</seqNo><encrypted>false</encrypted></property><property><name>prop1</name><description></description><datatype>STRING</datatype><widgetType>TEXT_FIELD</widgetType><required>false</required><group>c1f36ea4-6ec4-425e-8ef8-44adada6749c</group><seqNo>1</seqNo><encrypted>false</encrypted></property><property><name>username</name><description></description><datatype>STRING</datatype><widgetType>TEXT_FIELD</widgetType><required>false</required><group>424731ad-7198-409d-abcd-a14cd758eb3c</group><seqNo>1</seqNo><encrypted>false</encrypted></property><property><name>Hostname</name><description>Hostname</description><datatype>STRING</datatype><widgetType>TEXT_FIELD</widgetType><required>false</required><group>984a9f5b-110d-4402-af43-97e37c93c389</group><seqNo>2</seqNo><encrypted>false</encrypted></property><property><name>Room</name><description>Example:  Eng Lab 3</description><datatype>STRING</datatype><widgetType>TEXT_FIELD</widgetType><required>false</required><group>d421d5cb-9acb-4f95-8ead-eb3199a2324e</group><seqNo>2</seqNo><encrypted>false</encrypted></property><property><name>password</name><description></description><datatype>STRING</datatype><widgetType>PASSWORD_FIELD</widgetType><required>false</required><group>424731ad-7198-409d-abcd-a14cd758eb3c</group><seqNo>2</seqNo><encrypted>false</encrypted></property><property><name>Floor Position</name><description>Example:  Rack 34-Chassis 3</description><datatype>STRING</datatype><widgetType>TEXT_FIELD</widgetType><required>false</required><group>d421d5cb-9acb-4f95-8ead-eb3199a2324e</group><seqNo>3</seqNo><encrypted>false</encrypted></property><property><name>Make</name><description>Example:  Spirent</description><datatype>STRING</datatype><widgetType>TEXT_FIELD</widgetType><required>false</required><group>984a9f5b-110d-4402-af43-97e37c93c389</group><seqNo>3</seqNo><encrypted>false</encrypted></property><property><name>Model</name><description>Example:  Spirent Test Center, Avalanche, Landslide..., etc</description><datatype>STRING</datatype><widgetType>TEXT_FIELD</widgetType><required>false</required><group>984a9f5b-110d-4402-af43-97e37c93c389</group><seqNo>4</seqNo><encrypted>false</encrypted></property><property><name>Serial Number</name><description>Example:  3D543HIH12</description><datatype>STRING</datatype><widgetType>TEXT_FIELD</widgetType><required>false</required><group>984a9f5b-110d-4402-af43-97e37c93c389</group><seqNo>5</seqNo><encrypted>false</encrypted></property><property><name>New1</name><description></description><datatype>STRING</datatype><widgetType>TEXT_FIELD</widgetType><required>false</required><group>984a9f5b-110d-4402-af43-97e37c93c389</group><seqNo>6</seqNo><encrypted>false</encrypted></property><property><name>New2</name><description></description><datatype>STRING</datatype><widgetType>TEXT_FIELD</widgetType><required>false</required><group>984a9f5b-110d-4402-af43-97e37c93c389</group><seqNo>7</seqNo><encrypted>false</encrypted></property><property><name>NEW3</name><description></description><datatype>STRING</datatype><widgetType>TEXT_FIELD</widgetType><required>false</required><group>984a9f5b-110d-4402-af43-97e37c93c389</group><seqNo>8</seqNo><encrypted>false</encrypted></property><property><name>NEW4</name><description></description><datatype>STRING</datatype><widgetType>TEXT_FIELD</widgetType><required>false</required><group>984a9f5b-110d-4402-af43-97e37c93c389</group><seqNo>9</seqNo><encrypted>false</encrypted></property></properties><propertyGroups><propertyGroup><id>984a9f5b-110d-4402-af43-97e37c93c389</id><name>System Identification</name><seqNo>1</seqNo><isHidden>false</isHidden></propertyGroup><propertyGroup><id>d421d5cb-9acb-4f95-8ead-eb3199a2324e</id><name>Location Information</name><seqNo>2</seqNo><isHidden>false</isHidden></propertyGroup><propertyGroup><id>424731ad-7198-409d-abcd-a14cd758eb3c</id><name>Credentials</name><seqNo>3</seqNo><isHidden>false</isHidden></propertyGroup><propertyGroup><id>c1f36ea4-6ec4-425e-8ef8-44adada6749c</id><name>NEW_group</name><seqNo>4</seqNo><isHidden>false</isHidden></propertyGroup></propertyGroups><icon><attachment><id>3fc1e3ce-c4e2-43ef-b102-e723a9e68e4e</id><name>image (9).png</name><contentType>image/png</contentType></attachment></icon><defaultImageAttach/><defaultConfigAttach/></template><template><id>f44bf9ce-ef50-4f0c-8b31-334993559165</id><revisionId>f44bf9ce-ef50-4f0c-8b31-334993559165</revisionId><name>PC_TEST2</name><description></description><isTemplate>true</isTemplate><driverId>e660edc3-e5b6-4ecd-bcd9-5a152ffb94ec</driverId><type>DEVICE</type><interfaceType>MANAGEMENT</interfaceType><utilizationType>SHARED</utilizationType><reservationTime>IMMEDIATE</reservationTime><isCustomReservationTime>false</isCustomReservationTime><properties><property><name>Facility</name><description>Example:  San Jose - Site 2</description><datatype>STRING</datatype><widgetType>TEXT_FIELD</widgetType><required>false</required><group>8acfd608-d0ac-4ae1-a7f5-19d144ed7b11</group><seqNo>1</seqNo><encrypted>false</encrypted></property><property><name>ipAddress</name><description>System address -- IPv4 or IPv6</description><datatype>STRING</datatype><widgetType>TEXT_FIELD</widgetType><required>false</required><group>3f0cbbbb-63f6-4f36-b44f-b7a7c96f6db5</group><seqNo>1</seqNo><encrypted>false</encrypted></property><property><name>username</name><description></description><datatype>STRING</datatype><widgetType>TEXT_FIELD</widgetType><required>false</required><group>37297178-f6a5-4671-bea1-c765915f8dfe</group><seqNo>1</seqNo><encrypted>false</encrypted></property><property><name>Hostname</name><description>Hostname</description><datatype>STRING</datatype><widgetType>TEXT_FIELD</widgetType><required>false</required><group>3f0cbbbb-63f6-4f36-b44f-b7a7c96f6db5</group><seqNo>2</seqNo><encrypted>false</encrypted></property><property><name>Room</name><description>Example:  Eng Lab 3</description><datatype>STRING</datatype><widgetType>TEXT_FIELD</widgetType><required>false</required><group>8acfd608-d0ac-4ae1-a7f5-19d144ed7b11</group><seqNo>2</seqNo><encrypted>false</encrypted></property><property><name>password</name><description></description><datatype>STRING</datatype><widgetType>PASSWORD_FIELD</widgetType><required>false</required><group>37297178-f6a5-4671-bea1-c765915f8dfe</group><seqNo>2</seqNo><encrypted>false</encrypted></property><property><name>Floor Position</name><description>Example:  Rack 34-Chassis 3</description><datatype>STRING</datatype><widgetType>TEXT_FIELD</widgetType><required>false</required><group>8acfd608-d0ac-4ae1-a7f5-19d144ed7b11</group><seqNo>3</seqNo><encrypted>false</encrypted></property><property><name>Make</name><description>Example:  Spirent</description><datatype>STRING</datatype><widgetType>TEXT_FIELD</widgetType><required>false</required><group>3f0cbbbb-63f6-4f36-b44f-b7a7c96f6db5</group><seqNo>3</seqNo><encrypted>false</encrypted></property><property><name>Model</name><description>Example:  Spirent Test Center, Avalanche, Landslide..., etc</description><datatype>STRING</datatype><widgetType>TEXT_FIELD</widgetType><required>false</required><group>3f0cbbbb-63f6-4f36-b44f-b7a7c96f6db5</group><seqNo>4</seqNo><encrypted>false</encrypted></property><property><name>Serial Number</name><description>Example:  3D543HIH12</description><datatype>STRING</datatype><widgetType>TEXT_FIELD</widgetType><required>false</required><group>3f0cbbbb-63f6-4f36-b44f-b7a7c96f6db5</group><seqNo>5</seqNo><encrypted>false</encrypted></property></properties><propertyGroups><propertyGroup><id>3f0cbbbb-63f6-4f36-b44f-b7a7c96f6db5</id><name>System Identification</name><seqNo>1</seqNo><isHidden>false</isHidden></propertyGroup><propertyGroup><id>8acfd608-d0ac-4ae1-a7f5-19d144ed7b11</id><name>Location Information</name><seqNo>2</seqNo><isHidden>false</isHidden></propertyGroup><propertyGroup><id>37297178-f6a5-4671-bea1-c765915f8dfe</id><name>Credentials</name><seqNo>3</seqNo><isHidden>false</isHidden></propertyGroup></propertyGroups><icon><attachment><id>0167fcda-8f6e-4489-8ffe-1f060548847a</id><name>image (9).png</name><contentType>image/png</contentType></attachment></icon><defaultImageAttach/><defaultConfigAttach/></template><template><id>16d366b3-a262-4705-bc53-a4db0eb1ab29</id><revisionId>16d366b3-a262-4705-bc53-a4db0eb1ab29</revisionId><name>PC_TEST3</name><description></description><isTemplate>true</isTemplate><driverId>e660edc3-e5b6-4ecd-bcd9-5a152ffb94ec</driverId><type>DEVICE</type><interfaceType>MANAGEMENT</interfaceType><utilizationType>SHARED</utilizationType><reservationTime>IMMEDIATE</reservationTime><isCustomReservationTime>false</isCustomReservationTime><properties><property><name>Facility</name><description>Example:  San Jose - Site 2</description><datatype>STRING</datatype><widgetType>TEXT_FIELD</widgetType><required>false</required><group>2aa623a6-ea75-4639-8ba3-86d20e4b6660</group><seqNo>1</seqNo><encrypted>false</encrypted></property><property><name>ipAddress</name><description>System address -- IPv4 or IPv6</description><datatype>STRING</datatype><widgetType>TEXT_FIELD</widgetType><required>false</required><group>05c025f9-55ef-4da5-96e9-b210012a72d6</group><seqNo>1</seqNo><encrypted>false</encrypted></property><property><name>username</name><description></description><datatype>STRING</datatype><widgetType>TEXT_FIELD</widgetType><required>false</required><group>2fce3071-ea12-49e3-8ba9-20dff1c2c8ce</group><seqNo>1</seqNo><encrypted>false</encrypted></property><property><name>Hostname</name><description>Hostname</description><datatype>STRING</datatype><widgetType>TEXT_FIELD</widgetType><required>false</required><group>05c025f9-55ef-4da5-96e9-b210012a72d6</group><seqNo>2</seqNo><encrypted>false</encrypted></property><property><name>Room</name><description>Example:  Eng Lab 3</description><datatype>STRING</datatype><widgetType>TEXT_FIELD</widgetType><required>false</required><group>2aa623a6-ea75-4639-8ba3-86d20e4b6660</group><seqNo>2</seqNo><encrypted>false</encrypted></property><property><name>password</name><description></description><datatype>STRING</datatype><widgetType>PASSWORD_FIELD</widgetType><required>false</required><group>2fce3071-ea12-49e3-8ba9-20dff1c2c8ce</group><seqNo>2</seqNo><encrypted>false</encrypted></property><property><name>Floor Position</name><description>Example:  Rack 34-Chassis 3</description><datatype>STRING</datatype><widgetType>TEXT_FIELD</widgetType><required>false</required><group>2aa623a6-ea75-4639-8ba3-86d20e4b6660</group><seqNo>3</seqNo><encrypted>false</encrypted></property><property><name>Make</name><description>Example:  Spirent</description><datatype>STRING</datatype><widgetType>TEXT_FIELD</widgetType><required>false</required><group>05c025f9-55ef-4da5-96e9-b210012a72d6</group><seqNo>3</seqNo><encrypted>false</encrypted></property><property><name>Model</name><description>Example:  Spirent Test Center, Avalanche, Landslide..., etc</description><datatype>STRING</datatype><widgetType>TEXT_FIELD</widgetType><required>false</required><group>05c025f9-55ef-4da5-96e9-b210012a72d6</group><seqNo>4</seqNo><encrypted>false</encrypted></property><property><name>Serial Number</name><description>Example:  3D543HIH12</description><datatype>STRING</datatype><widgetType>TEXT_FIELD</widgetType><required>false</required><group>05c025f9-55ef-4da5-96e9-b210012a72d6</group><seqNo>5</seqNo><encrypted>false</encrypted></property><property><name>NEW1</name><description></description><datatype>STRING</datatype><widgetType>TEXT_FIELD</widgetType><required>false</required><group>05c025f9-55ef-4da5-96e9-b210012a72d6</group><seqNo>6</seqNo><encrypted>false</encrypted></property><property><name>NEW2</name><description></description><datatype>STRING</datatype><widgetType>TEXT_FIELD</widgetType><required>false</required><group>05c025f9-55ef-4da5-96e9-b210012a72d6</group><seqNo>7</seqNo><encrypted>false</encrypted></property></properties><propertyGroups><propertyGroup><id>05c025f9-55ef-4da5-96e9-b210012a72d6</id><name>System Identification</name><seqNo>1</seqNo><isHidden>false</isHidden></propertyGroup><propertyGroup><id>2aa623a6-ea75-4639-8ba3-86d20e4b6660</id><name>Location Information</name><seqNo>2</seqNo><isHidden>false</isHidden></propertyGroup><propertyGroup><id>2fce3071-ea12-49e3-8ba9-20dff1c2c8ce</id><name>Credentials</name><seqNo>3</seqNo><isHidden>false</isHidden></propertyGroup></propertyGroups><icon><attachment><id>8992c8ab-1239-49f8-a87e-d51513a21c2f</id><name>image (9).png</name><contentType>image/png</contentType></attachment></icon><defaultImageAttach/><defaultConfigAttach/></template><template><id>c8bfed2d-e6a0-4e30-b20f-802c537028fd</id><revisionId>c8bfed2d-e6a0-4e30-b20f-802c537028fd</revisionId><name>TEST Network Port</name><description></description><isTemplate>true</isTemplate><type>PORT</type><interfaceType>NONE</interfaceType><utilizationType>EXCLUSIVE</utilizationType><reservationTime>IMMEDIATE</reservationTime><isCustomReservationTime>false</isCustomReservationTime><properties><property><name>portNumber</name><description>System port number. Example: 1.1.1</description><datatype>STRING</datatype><widgetType>TEXT_FIELD</widgetType><required>true</required><group>48944e06-7d10-4073-99dc-02c098d3a2a6</group><seqNo>1</seqNo><encrypted>false</encrypted></property><property><name>Port Type</name><description>Example: Ethernet, Fast Ethernet, Copper..., etc</description><datatype>STRING</datatype><widgetType>TEXT_FIELD</widgetType><value>Ethernet</value><required>false</required><group>48944e06-7d10-4073-99dc-02c098d3a2a6</group><seqNo>2</seqNo><encrypted>false</encrypted></property><property><name>Port Speed</name><description>Unit of Measure:  Mbps</description><datatype>INTEGER</datatype><widgetType>INTEGER_FIELD</widgetType><value>1000</value><required>false</required><group>48944e06-7d10-4073-99dc-02c098d3a2a6</group><seqNo>3</seqNo><encrypted>false</encrypted></property></properties><propertyGroups><propertyGroup><id>48944e06-7d10-4073-99dc-02c098d3a2a6</id><name>System Identification</name><seqNo>1</seqNo><isHidden>false</isHidden></propertyGroup></propertyGroups><icon/><defaultImageAttach/><defaultConfigAttach/><tags><tag>port</tag></tags></template></templates><orchestratedResources><orchestratedResource><id>a313ec0f-222a-4ef3-8474-548e2a22c909</id><type>DEVICE</type><name>S1</name><description></description><condition>template[PC_TEST]</condition><role>S1_VELOCITY_SELECTED</role><visibility>PUBLIC</visibility><resourceGroup><name></name></resourceGroup><icon><attachment><id>ad0c3a64-934a-4b70-960d-b0db96efa326</id><name>image (9).png</name><contentType>image/png</contentType></attachment></icon></orchestratedResource></orchestratedResources><abstractResources><abstractResource><id>2a940516-90d3-4216-b112-d66356d23df0</id><type>DEVICE</type><name>ABS_test</name><description></description><condition>template[PC_TEST]</condition><reservationTime>IMMEDIATE</reservationTime><isPublic>true</isPublic><icon/></abstractResource></abstractResources><topologies><topology><name>TEST</name><versionId>cd08e785-b18b-4517-854a-6a41524d44ad</versionId><attachment><id>68339c5b-5986-4cba-acf6-b39fb2d5f985</id><name>TEST</name><contentType>application/xml</contentType></attachment></topology></topologies></inventory>